-- phpMyAdmin SQL Dump
-- version 4.3.8
-- http://www.phpmyadmin.net
--
-- Servidor: localhost
-- Tiempo de generación: 25-02-2018 a las 17:50:30
-- Versión del servidor: 5.5.51-38.2
-- Versión de PHP: 5.6.30

SET SQL_MODE = "NO_AUTO_VALUE_ON_ZERO";
SET time_zone = "+00:00";


/*!40101 SET @OLD_CHARACTER_SET_CLIENT=@@CHARACTER_SET_CLIENT */;
/*!40101 SET @OLD_CHARACTER_SET_RESULTS=@@CHARACTER_SET_RESULTS */;
/*!40101 SET @OLD_COLLATION_CONNECTION=@@COLLATION_CONNECTION */;
/*!40101 SET NAMES utf8 */;

--
-- Base de datos: `cewmhgho_ccalidad`
--

-- --------------------------------------------------------

--
-- Estructura de tabla para la tabla `tbl_categoria`
--

CREATE TABLE IF NOT EXISTS `tbl_categoria` (
  `id` int(11) NOT NULL,
  `nombre` varchar(50) NOT NULL,
  `posicion` int(11) NOT NULL
) ENGINE=MyISAM AUTO_INCREMENT=11 DEFAULT CHARSET=latin1;

--
-- Volcado de datos para la tabla `tbl_categoria`
--

INSERT INTO `tbl_categoria` (`id`, `nombre`, `posicion`) VALUES
(1, 'Focos', 1),
(2, 'Vitrinas', 2),
(3, 'Letreros', 3),
(4, 'Aire Acondicionado', 4),
(5, 'Publicidad', 5),
(6, 'Seguridad', 6),
(7, 'Mobiliario', 7),
(8, 'Limpieza', 8),
(9, 'Varios', 9),
(10, 'Otros', 10);

-- --------------------------------------------------------

--
-- Estructura de tabla para la tabla `tbl_ficha`
--

CREATE TABLE IF NOT EXISTS `tbl_ficha` (
  `id` int(11) NOT NULL,
  `fecha` timestamp NOT NULL DEFAULT CURRENT_TIMESTAMP,
  `id_tienda` int(11) NOT NULL,
  `fecha_inspeccion` date NOT NULL,
  `observaciones` varchar(300) NOT NULL,
  `plazo` int(11) NOT NULL,
  `id_usuario` int(11) NOT NULL,
  `estatus` tinyint(1) NOT NULL
) ENGINE=MyISAM AUTO_INCREMENT=59 DEFAULT CHARSET=latin1;

--
-- Volcado de datos para la tabla `tbl_ficha`
--

INSERT INTO `tbl_ficha` (`id`, `fecha`, `id_tienda`, `fecha_inspeccion`, `observaciones`, `plazo`, `id_usuario`, `estatus`) VALUES
(48, '2017-06-05 15:02:56', 214, '2017-06-05', 'nuevo comentario', 0, 1, 0),
(47, '2017-06-05 15:01:20', 214, '2017-06-04', 'cumplio', 0, 1, 0),
(46, '2017-06-05 01:11:58', 2, '2017-06-04', 'no hay obersvaciones', 0, 1, 0),
(45, '2017-06-04 19:28:57', 5, '2017-06-27', 'tytrerw', 0, 1, 0),
(44, '2017-06-04 19:27:34', 5, '2017-06-27', 'rew', 0, 1, 0),
(43, '2017-06-04 19:24:44', 1, '2017-06-20', 'rerweq', 0, 1, 0),
(42, '2017-06-04 19:23:20', 1, '2017-06-27', 'ewq', 0, 1, 0),
(41, '2017-06-04 19:22:52', 1, '2017-05-24', 'rewq', 0, 1, 0),
(40, '2017-06-04 19:13:48', 1, '2017-06-27', 'rewq', 0, 2, 0),
(39, '2017-06-04 18:49:52', 1, '2017-06-27', 'lalala', 0, 1, 0),
(38, '2017-06-04 18:48:28', 5, '2017-02-22', 'fino', 0, 1, 0),
(37, '2017-06-04 18:46:55', 3, '2017-02-22', 'ok', 0, 2, 0),
(36, '2017-06-04 18:42:03', 1, '2017-02-03', 'n hay', 0, 1, 0),
(35, '2017-06-04 18:03:59', 1, '2017-06-03', '', 0, 1, 0),
(34, '2017-06-04 18:03:17', 1, '2017-06-03', '', 0, 3, 0),
(33, '2017-06-04 18:02:19', 1, '2017-02-03', '', 0, 1, 0),
(49, '2017-06-06 19:15:51', 214, '2017-06-06', 'NO SE ENCONTRO NADA INUSUAL', 0, 1, 0),
(50, '2017-06-09 19:44:58', 1, '2017-06-09', 'El piso estaba con comida en la entrada', 0, 1, 0),
(51, '2017-06-09 21:14:19', 172, '2017-06-08', 'pruebaaaaaaaaaaaaaaaaaaaaaaaaaaaaaaaaaaaaaa', 0, 1, 0),
(52, '2017-06-15 04:03:45', 2, '2017-06-14', 'pppp', 0, 12, 0),
(53, '2017-06-15 04:45:58', 1, '2017-06-07', 'tyu', 0, 12, 0),
(54, '2017-06-15 04:47:35', 1, '2017-06-07', 'tyu', 0, 12, 0),
(55, '2017-06-15 04:54:04', 1, '2017-06-07', 'tyu', 0, 12, 0),
(56, '2017-06-15 05:14:19', 1, '2017-06-01', 'trew', 2, 12, 0),
(57, '2017-09-28 02:29:36', 2, '2017-09-27', 'Tiene que reparar', 1, 15, 0),
(58, '2017-10-12 19:07:22', 1, '2017-10-12', 'ok', 3, 14, 0);

-- --------------------------------------------------------

--
-- Estructura de tabla para la tabla `tbl_ficha_observacion`
--

CREATE TABLE IF NOT EXISTS `tbl_ficha_observacion` (
  `id` int(11) NOT NULL,
  `id_ficha` int(11) NOT NULL,
  `id_categoria` int(11) NOT NULL,
  `observacion` varchar(200) COLLATE utf8_unicode_ci NOT NULL
) ENGINE=MyISAM AUTO_INCREMENT=51 DEFAULT CHARSET=utf8 COLLATE=utf8_unicode_ci;

--
-- Volcado de datos para la tabla `tbl_ficha_observacion`
--

INSERT INTO `tbl_ficha_observacion` (`id`, `id_ficha`, `id_categoria`, `observacion`) VALUES
(1, 54, 1, 'rte'),
(2, 54, 2, 'erweqw'),
(3, 54, 3, 'etreqw'),
(4, 54, 4, 'retree'),
(5, 54, 5, 'rerw'),
(6, 54, 6, 'fdsa'),
(7, 54, 7, 'rew'),
(8, 54, 8, 'erweqw'),
(9, 54, 9, 'we'),
(10, 54, 10, 'qwert'),
(11, 55, 1, 'rte'),
(12, 55, 2, 'erweqw'),
(13, 55, 3, 'etreqw'),
(14, 55, 4, 'retree'),
(15, 55, 5, 'rerw'),
(16, 55, 6, 'fdsa'),
(17, 55, 7, 'rew'),
(18, 55, 8, 'erweqw'),
(19, 55, 9, 'we'),
(20, 55, 10, 'qwert'),
(21, 56, 1, 'trewq'),
(22, 56, 2, 'trewq'),
(23, 56, 3, 'trew'),
(24, 56, 4, 'ytrew'),
(25, 56, 5, 'trew'),
(26, 56, 6, 'trew'),
(27, 56, 7, 'ytrew'),
(28, 56, 8, 'trewq'),
(29, 56, 9, 'trewq'),
(30, 56, 10, 'ytrew'),
(31, 57, 1, 'Todo bien'),
(32, 57, 2, 'Debe areglar la excibicion'),
(33, 57, 3, 'Tiene fallas que reparar'),
(34, 57, 4, 'Tiene que reparar'),
(35, 57, 5, 'Tiene que reparar'),
(36, 57, 6, 'Tiene que reparar'),
(37, 57, 7, 'Tiene que reparar'),
(38, 57, 8, 'Tiene que reparar'),
(39, 57, 9, 'Tiene que reparar'),
(40, 57, 10, 'Tiene que reparar'),
(41, 58, 1, 'ok'),
(42, 58, 2, 'ok'),
(43, 58, 3, 'observacion'),
(44, 58, 4, 'ok'),
(45, 58, 5, 'ok'),
(46, 58, 6, 'ok'),
(47, 58, 7, 'ok'),
(48, 58, 8, 'ok'),
(49, 58, 9, 'ok'),
(50, 58, 10, 'ok');

-- --------------------------------------------------------

--
-- Estructura de tabla para la tabla `tbl_fotos`
--

CREATE TABLE IF NOT EXISTS `tbl_fotos` (
  `id` int(11) NOT NULL,
  `url` varchar(200) NOT NULL,
  `id_ficha` int(11) NOT NULL,
  `fecha_registro` timestamp NOT NULL DEFAULT CURRENT_TIMESTAMP
) ENGINE=MyISAM AUTO_INCREMENT=19 DEFAULT CHARSET=latin1;

--
-- Volcado de datos para la tabla `tbl_fotos`
--

INSERT INTO `tbl_fotos` (`id`, `url`, `id_ficha`, `fecha_registro`) VALUES
(17, 'Mitsubishi-logo-2000x2500.png', 43, '2017-06-04 18:24:44'),
(16, 'Mitsubishi-logo-2000x2500.png', 39, '2017-06-04 17:49:52'),
(15, 'Mitsubishi-logo-2000x2500.png', 38, '2017-06-04 17:48:28'),
(18, 'chat-conavsa.png', 57, '2017-09-28 02:29:36');

-- --------------------------------------------------------

--
-- Estructura de tabla para la tabla `tbl_items`
--

CREATE TABLE IF NOT EXISTS `tbl_items` (
  `id` int(11) NOT NULL,
  `id_categoria` int(11) NOT NULL,
  `nombre` varchar(100) NOT NULL
) ENGINE=MyISAM AUTO_INCREMENT=50 DEFAULT CHARSET=latin1;

--
-- Volcado de datos para la tabla `tbl_items`
--

INSERT INTO `tbl_items` (`id`, `id_categoria`, `nombre`) VALUES
(1, 1, 'Adecuado a las lamparas y tipo de luz'),
(2, 1, 'Quemados'),
(3, 1, 'Faltantes'),
(4, 2, 'Arreglo de exhibcion'),
(5, 2, 'Limpieza'),
(6, 2, 'Banner pr cambio de vitrina'),
(7, 3, 'Con cables expuestos'),
(8, 3, 'Sucios'),
(9, 3, 'Apagados'),
(10, 3, 'Dañados'),
(11, 4, 'Limpieza de difusores'),
(12, 4, 'Temperatura'),
(13, 5, 'No autorizada'),
(14, 5, 'Pegada a la pared'),
(15, 5, 'Deteriorada'),
(16, 5, 'Stikers en vitrina'),
(17, 5, 'Mal colocada y vencida'),
(18, 5, 'Ubicacón'),
(19, 5, 'Descuento'),
(20, 5, 'Maniquies vestidos'),
(21, 5, 'Exhibicion de menú o promo'),
(22, 6, 'Extintor'),
(23, 6, 'Manual y sirena obtruida'),
(24, 6, 'Letrero de salida'),
(25, 6, 'Lámparas de emergencia'),
(26, 7, 'No adecuado'),
(27, 7, 'No aprobado'),
(28, 7, 'Deteriorado'),
(29, 7, 'Re-ubicar'),
(30, 7, 'Iluminación quemada'),
(31, 7, 'Arreglar acabado'),
(32, 7, 'Cables expuestos'),
(33, 8, 'Pisos'),
(34, 8, 'Paredes'),
(35, 8, 'Inyectores de aire fresco'),
(36, 8, 'Extractores de grasa'),
(37, 8, 'Trampa de grasa'),
(38, 8, 'Desagues'),
(39, 8, 'Fumigacion roedores/cucaracha'),
(40, 8, 'Musica muy alta'),
(41, 9, 'Mecanica no aprobada'),
(42, 9, 'Filtraciones'),
(43, 9, 'Gypsum'),
(44, 9, 'Cables expuestos'),
(45, 9, 'Rajaduras'),
(46, 9, 'Molduras en pared o pisos'),
(47, 9, 'Limpieza general'),
(48, 9, 'Pintura general'),
(49, 10, 'Otros');

-- --------------------------------------------------------

--
-- Estructura de tabla para la tabla `tbl_resultado`
--

CREATE TABLE IF NOT EXISTS `tbl_resultado` (
  `id` int(11) NOT NULL,
  `id_ficha` int(11) NOT NULL,
  `id_item` int(11) NOT NULL,
  `id_categoria` int(11) NOT NULL,
  `valor` int(11) NOT NULL
) ENGINE=MyISAM AUTO_INCREMENT=620 DEFAULT CHARSET=latin1;

--
-- Volcado de datos para la tabla `tbl_resultado`
--

INSERT INTO `tbl_resultado` (`id`, `id_ficha`, `id_item`, `id_categoria`, `valor`) VALUES
(177, 42, 11, 2, 1),
(176, 42, 10, 2, 1),
(175, 42, 9, 2, 1),
(174, 42, 8, 1, 1),
(173, 42, 7, 1, 0),
(172, 42, 6, 1, 1),
(171, 42, 5, 1, 0),
(170, 42, 4, 1, 1),
(169, 42, 3, 1, 1),
(168, 42, 2, 1, 0),
(167, 42, 1, 1, 0),
(166, 41, 11, 2, 1),
(165, 41, 10, 2, 0),
(164, 41, 9, 2, 0),
(163, 41, 8, 1, 1),
(162, 41, 7, 1, 1),
(161, 41, 6, 1, 1),
(160, 41, 5, 1, 1),
(159, 41, 4, 1, 0),
(158, 41, 3, 1, 1),
(157, 41, 2, 1, 1),
(156, 41, 1, 1, 0),
(155, 40, 11, 2, 1),
(154, 40, 10, 2, 0),
(153, 40, 9, 2, 0),
(152, 40, 8, 1, 1),
(151, 40, 7, 1, 1),
(150, 40, 6, 1, 1),
(149, 40, 5, 1, 1),
(148, 40, 4, 1, 0),
(147, 40, 3, 1, 1),
(146, 40, 2, 1, 1),
(145, 40, 1, 1, 0),
(144, 39, 11, 2, 1),
(143, 39, 10, 2, 0),
(142, 39, 9, 2, 1),
(141, 39, 8, 1, 1),
(140, 39, 7, 1, 0),
(139, 39, 6, 1, 1),
(138, 39, 5, 1, 0),
(137, 39, 4, 1, 1),
(136, 39, 3, 1, 0),
(135, 39, 2, 1, 1),
(134, 39, 1, 1, 0),
(133, 38, 11, 2, 0),
(132, 38, 10, 2, 0),
(131, 38, 9, 2, 0),
(130, 38, 8, 1, 0),
(129, 38, 7, 1, 0),
(128, 38, 6, 1, 0),
(127, 38, 5, 1, 0),
(126, 38, 4, 1, 0),
(125, 38, 3, 1, 0),
(124, 38, 2, 1, 0),
(123, 38, 1, 1, 0),
(122, 37, 11, 2, 1),
(121, 37, 10, 2, 1),
(120, 37, 9, 2, 1),
(119, 37, 8, 1, 1),
(118, 37, 7, 1, 1),
(117, 37, 6, 1, 1),
(116, 37, 5, 1, 1),
(115, 37, 4, 1, 1),
(114, 37, 3, 1, 1),
(113, 37, 2, 1, 1),
(112, 37, 1, 1, 1),
(111, 36, 11, 2, 1),
(110, 36, 10, 2, 1),
(109, 36, 9, 2, 1),
(108, 36, 8, 1, 1),
(107, 36, 7, 1, 0),
(106, 36, 6, 1, 0),
(105, 36, 5, 1, 1),
(104, 36, 4, 1, 1),
(103, 36, 3, 1, 1),
(102, 36, 2, 1, 0),
(101, 36, 1, 1, 1),
(100, 33, 9, 2, 0),
(99, 33, 8, 1, 1),
(98, 33, 7, 1, 1),
(97, 33, 6, 1, 1),
(96, 33, 5, 1, 1),
(95, 33, 3, 1, 1),
(94, 33, 2, 1, 0),
(93, 33, 1, 1, 1),
(178, 43, 1, 1, 0),
(179, 43, 2, 1, 1),
(180, 43, 3, 1, 1),
(181, 43, 4, 1, 1),
(182, 43, 5, 1, 1),
(183, 43, 6, 1, 1),
(184, 43, 7, 1, 1),
(185, 43, 8, 1, 1),
(186, 43, 9, 2, 1),
(187, 43, 10, 2, 1),
(188, 43, 11, 2, 1),
(189, 44, 1, 1, 0),
(190, 44, 2, 1, 0),
(191, 44, 3, 1, 1),
(192, 44, 4, 1, 1),
(193, 44, 5, 1, 0),
(194, 44, 6, 1, 1),
(195, 44, 7, 1, 1),
(196, 44, 8, 1, 1),
(197, 44, 9, 2, 1),
(198, 44, 10, 2, 1),
(199, 44, 11, 2, 1),
(200, 45, 1, 1, 0),
(201, 45, 2, 1, 0),
(202, 45, 3, 1, 1),
(203, 45, 4, 1, 0),
(204, 45, 5, 1, 1),
(205, 45, 6, 1, 1),
(206, 45, 7, 1, 1),
(207, 45, 8, 1, 1),
(208, 45, 9, 2, 0),
(209, 45, 10, 2, 0),
(210, 45, 11, 2, 1),
(211, 46, 1, 1, 0),
(212, 46, 2, 1, 1),
(213, 46, 3, 1, 1),
(214, 46, 4, 1, 0),
(215, 46, 5, 1, 1),
(216, 46, 6, 1, 1),
(217, 46, 7, 1, 0),
(218, 46, 8, 1, 1),
(219, 46, 9, 2, 0),
(220, 46, 10, 2, 0),
(221, 46, 11, 2, 1),
(222, 47, 1, 1, 1),
(223, 47, 2, 1, 1),
(224, 47, 3, 1, 1),
(225, 47, 4, 1, 1),
(226, 47, 5, 1, 1),
(227, 47, 6, 1, 1),
(228, 47, 7, 1, 1),
(229, 47, 8, 1, 1),
(230, 47, 9, 2, 1),
(231, 47, 10, 2, 0),
(232, 47, 11, 2, 0),
(233, 48, 1, 1, 1),
(234, 48, 2, 1, 1),
(235, 48, 3, 1, 1),
(236, 48, 4, 1, 1),
(237, 48, 5, 1, 1),
(238, 48, 6, 1, 1),
(239, 48, 7, 1, 1),
(240, 48, 8, 1, 1),
(241, 48, 9, 2, 0),
(242, 48, 10, 2, 0),
(243, 48, 11, 2, 0),
(244, 49, 1, 1, 1),
(245, 49, 2, 1, 1),
(246, 49, 3, 1, 1),
(247, 49, 4, 1, 1),
(248, 49, 5, 1, 1),
(249, 49, 6, 1, 1),
(250, 49, 7, 1, 1),
(251, 49, 8, 1, 1),
(252, 49, 9, 2, 1),
(253, 49, 10, 2, 0),
(254, 49, 11, 2, 1),
(255, 50, 1, 0, 0),
(256, 50, 2, 0, 1),
(257, 50, 3, 0, 1),
(258, 50, 4, 0, 1),
(259, 50, 5, 0, 1),
(260, 50, 6, 0, 1),
(261, 50, 7, 0, 1),
(262, 50, 8, 0, 1),
(263, 50, 9, 0, 1),
(264, 50, 10, 0, 1),
(265, 50, 11, 0, 1),
(266, 51, 1, 0, 1),
(267, 51, 2, 0, 1),
(268, 51, 3, 0, 1),
(269, 51, 4, 0, 1),
(270, 51, 5, 0, 1),
(271, 51, 6, 0, 1),
(272, 51, 7, 0, 1),
(273, 51, 8, 0, 1),
(274, 51, 9, 0, 1),
(275, 51, 10, 0, 1),
(276, 51, 11, 0, 1),
(277, 52, 1, 0, 1),
(278, 52, 2, 0, 0),
(279, 52, 3, 0, 1),
(280, 52, 4, 0, 1),
(281, 52, 5, 0, 1),
(282, 52, 6, 0, 1),
(283, 52, 7, 0, 1),
(284, 52, 8, 0, 0),
(285, 52, 9, 0, 1),
(286, 52, 10, 0, 0),
(287, 52, 11, 0, 0),
(288, 52, 12, 0, 0),
(289, 52, 13, 0, 1),
(290, 52, 14, 0, 0),
(291, 52, 15, 0, 0),
(292, 52, 16, 0, 0),
(293, 52, 17, 0, 1),
(294, 52, 18, 0, 1),
(295, 52, 19, 0, 1),
(296, 52, 20, 0, 0),
(297, 52, 21, 0, 1),
(298, 52, 22, 0, 1),
(299, 52, 23, 0, 1),
(300, 52, 24, 0, 1),
(301, 52, 25, 0, 1),
(302, 52, 26, 0, 1),
(303, 52, 27, 0, 0),
(304, 52, 28, 0, 1),
(305, 52, 29, 0, 0),
(306, 52, 30, 0, 1),
(307, 52, 31, 0, 1),
(308, 52, 32, 0, 1),
(309, 52, 33, 0, 1),
(310, 52, 34, 0, 1),
(311, 52, 35, 0, 1),
(312, 52, 36, 0, 0),
(313, 52, 37, 0, 1),
(314, 52, 38, 0, 1),
(315, 52, 39, 0, 1),
(316, 52, 40, 0, 1),
(317, 52, 41, 0, 0),
(318, 52, 42, 0, 1),
(319, 52, 43, 0, 1),
(320, 52, 44, 0, 0),
(321, 52, 45, 0, 1),
(322, 52, 46, 0, 1),
(323, 52, 47, 0, 0),
(324, 52, 48, 0, 1),
(325, 52, 49, 0, 1),
(326, 53, 1, 0, 1),
(327, 53, 2, 0, 1),
(328, 53, 3, 0, 1),
(329, 53, 4, 0, 1),
(330, 53, 5, 0, 1),
(331, 53, 6, 0, 1),
(332, 53, 7, 0, 1),
(333, 53, 8, 0, 1),
(334, 53, 9, 0, 1),
(335, 53, 10, 0, 1),
(336, 53, 11, 0, 1),
(337, 53, 12, 0, 1),
(338, 53, 13, 0, 1),
(339, 53, 14, 0, 1),
(340, 53, 15, 0, 1),
(341, 53, 16, 0, 1),
(342, 53, 17, 0, 1),
(343, 53, 18, 0, 1),
(344, 53, 19, 0, 1),
(345, 53, 20, 0, 1),
(346, 53, 21, 0, 1),
(347, 53, 22, 0, 1),
(348, 53, 23, 0, 1),
(349, 53, 24, 0, 1),
(350, 53, 25, 0, 1),
(351, 53, 26, 0, 1),
(352, 53, 27, 0, 1),
(353, 53, 28, 0, 1),
(354, 53, 29, 0, 1),
(355, 53, 30, 0, 1),
(356, 53, 31, 0, 1),
(357, 53, 32, 0, 1),
(358, 53, 33, 0, 1),
(359, 53, 34, 0, 1),
(360, 53, 35, 0, 1),
(361, 53, 36, 0, 1),
(362, 53, 37, 0, 1),
(363, 53, 38, 0, 1),
(364, 53, 39, 0, 1),
(365, 53, 40, 0, 1),
(366, 53, 41, 0, 1),
(367, 53, 42, 0, 1),
(368, 53, 43, 0, 1),
(369, 53, 44, 0, 1),
(370, 53, 45, 0, 1),
(371, 53, 46, 0, 1),
(372, 53, 47, 0, 1),
(373, 53, 48, 0, 1),
(374, 53, 49, 0, 1),
(375, 54, 1, 0, 1),
(376, 54, 2, 0, 1),
(377, 54, 3, 0, 1),
(378, 54, 4, 0, 1),
(379, 54, 5, 0, 1),
(380, 54, 6, 0, 1),
(381, 54, 7, 0, 1),
(382, 54, 8, 0, 1),
(383, 54, 9, 0, 1),
(384, 54, 10, 0, 1),
(385, 54, 11, 0, 1),
(386, 54, 12, 0, 1),
(387, 54, 13, 0, 1),
(388, 54, 14, 0, 1),
(389, 54, 15, 0, 1),
(390, 54, 16, 0, 1),
(391, 54, 17, 0, 1),
(392, 54, 18, 0, 1),
(393, 54, 19, 0, 1),
(394, 54, 20, 0, 1),
(395, 54, 21, 0, 1),
(396, 54, 22, 0, 1),
(397, 54, 23, 0, 1),
(398, 54, 24, 0, 1),
(399, 54, 25, 0, 1),
(400, 54, 26, 0, 1),
(401, 54, 27, 0, 1),
(402, 54, 28, 0, 1),
(403, 54, 29, 0, 1),
(404, 54, 30, 0, 1),
(405, 54, 31, 0, 1),
(406, 54, 32, 0, 1),
(407, 54, 33, 0, 1),
(408, 54, 34, 0, 1),
(409, 54, 35, 0, 1),
(410, 54, 36, 0, 1),
(411, 54, 37, 0, 1),
(412, 54, 38, 0, 1),
(413, 54, 39, 0, 1),
(414, 54, 40, 0, 1),
(415, 54, 41, 0, 1),
(416, 54, 42, 0, 1),
(417, 54, 43, 0, 1),
(418, 54, 44, 0, 1),
(419, 54, 45, 0, 1),
(420, 54, 46, 0, 1),
(421, 54, 47, 0, 1),
(422, 54, 48, 0, 1),
(423, 54, 49, 0, 1),
(424, 55, 1, 0, 1),
(425, 55, 2, 0, 1),
(426, 55, 3, 0, 1),
(427, 55, 4, 0, 1),
(428, 55, 5, 0, 1),
(429, 55, 6, 0, 1),
(430, 55, 7, 0, 1),
(431, 55, 8, 0, 1),
(432, 55, 9, 0, 1),
(433, 55, 10, 0, 1),
(434, 55, 11, 0, 1),
(435, 55, 12, 0, 1),
(436, 55, 13, 0, 1),
(437, 55, 14, 0, 1),
(438, 55, 15, 0, 1),
(439, 55, 16, 0, 1),
(440, 55, 17, 0, 1),
(441, 55, 18, 0, 1),
(442, 55, 19, 0, 1),
(443, 55, 20, 0, 1),
(444, 55, 21, 0, 1),
(445, 55, 22, 0, 1),
(446, 55, 23, 0, 1),
(447, 55, 24, 0, 1),
(448, 55, 25, 0, 1),
(449, 55, 26, 0, 1),
(450, 55, 27, 0, 1),
(451, 55, 28, 0, 1),
(452, 55, 29, 0, 1),
(453, 55, 30, 0, 1),
(454, 55, 31, 0, 1),
(455, 55, 32, 0, 1),
(456, 55, 33, 0, 1),
(457, 55, 34, 0, 1),
(458, 55, 35, 0, 1),
(459, 55, 36, 0, 1),
(460, 55, 37, 0, 1),
(461, 55, 38, 0, 1),
(462, 55, 39, 0, 1),
(463, 55, 40, 0, 1),
(464, 55, 41, 0, 1),
(465, 55, 42, 0, 1),
(466, 55, 43, 0, 1),
(467, 55, 44, 0, 1),
(468, 55, 45, 0, 1),
(469, 55, 46, 0, 1),
(470, 55, 47, 0, 1),
(471, 55, 48, 0, 1),
(472, 55, 49, 0, 1),
(473, 56, 1, 0, 1),
(474, 56, 2, 0, 1),
(475, 56, 3, 0, 1),
(476, 56, 4, 0, 1),
(477, 56, 5, 0, 1),
(478, 56, 6, 0, 1),
(479, 56, 7, 0, 1),
(480, 56, 8, 0, 1),
(481, 56, 9, 0, 1),
(482, 56, 10, 0, 1),
(483, 56, 11, 0, 1),
(484, 56, 12, 0, 1),
(485, 56, 13, 0, 1),
(486, 56, 14, 0, 1),
(487, 56, 15, 0, 1),
(488, 56, 16, 0, 1),
(489, 56, 17, 0, 1),
(490, 56, 18, 0, 1),
(491, 56, 19, 0, 1),
(492, 56, 20, 0, 1),
(493, 56, 21, 0, 1),
(494, 56, 22, 0, 1),
(495, 56, 23, 0, 1),
(496, 56, 24, 0, 1),
(497, 56, 25, 0, 1),
(498, 56, 26, 0, 1),
(499, 56, 27, 0, 1),
(500, 56, 28, 0, 1),
(501, 56, 29, 0, 1),
(502, 56, 30, 0, 1),
(503, 56, 31, 0, 1),
(504, 56, 32, 0, 1),
(505, 56, 33, 0, 1),
(506, 56, 34, 0, 1),
(507, 56, 35, 0, 1),
(508, 56, 36, 0, 1),
(509, 56, 37, 0, 1),
(510, 56, 38, 0, 1),
(511, 56, 39, 0, 1),
(512, 56, 40, 0, 1),
(513, 56, 41, 0, 1),
(514, 56, 42, 0, 1),
(515, 56, 43, 0, 1),
(516, 56, 44, 0, 1),
(517, 56, 45, 0, 1),
(518, 56, 46, 0, 1),
(519, 56, 47, 0, 1),
(520, 56, 48, 0, 1),
(521, 56, 49, 0, 1),
(522, 57, 1, 0, 0),
(523, 57, 2, 0, 1),
(524, 57, 3, 0, 1),
(525, 57, 4, 0, 0),
(526, 57, 5, 0, 1),
(527, 57, 6, 0, 1),
(528, 57, 7, 0, 1),
(529, 57, 8, 0, 1),
(530, 57, 9, 0, 1),
(531, 57, 10, 0, 1),
(532, 57, 11, 0, 1),
(533, 57, 12, 0, 1),
(534, 57, 13, 0, 1),
(535, 57, 14, 0, 1),
(536, 57, 15, 0, 0),
(537, 57, 16, 0, 1),
(538, 57, 17, 0, 0),
(539, 57, 18, 0, 1),
(540, 57, 19, 0, 1),
(541, 57, 20, 0, 1),
(542, 57, 21, 0, 1),
(543, 57, 22, 0, 1),
(544, 57, 23, 0, 1),
(545, 57, 24, 0, 1),
(546, 57, 25, 0, 1),
(547, 57, 26, 0, 1),
(548, 57, 27, 0, 1),
(549, 57, 28, 0, 1),
(550, 57, 29, 0, 1),
(551, 57, 30, 0, 1),
(552, 57, 31, 0, 1),
(553, 57, 32, 0, 1),
(554, 57, 33, 0, 1),
(555, 57, 34, 0, 1),
(556, 57, 35, 0, 1),
(557, 57, 36, 0, 1),
(558, 57, 37, 0, 1),
(559, 57, 38, 0, 1),
(560, 57, 39, 0, 1),
(561, 57, 40, 0, 1),
(562, 57, 41, 0, 1),
(563, 57, 42, 0, 1),
(564, 57, 43, 0, 1),
(565, 57, 44, 0, 1),
(566, 57, 45, 0, 1),
(567, 57, 46, 0, 1),
(568, 57, 47, 0, 1),
(569, 57, 48, 0, 1),
(570, 57, 49, 0, 0),
(571, 58, 1, 0, 1),
(572, 58, 2, 0, 0),
(573, 58, 3, 0, 0),
(574, 58, 4, 0, 1),
(575, 58, 5, 0, 1),
(576, 58, 6, 0, 1),
(577, 58, 7, 0, 0),
(578, 58, 8, 0, 0),
(579, 58, 9, 0, 0),
(580, 58, 10, 0, 1),
(581, 58, 11, 0, 1),
(582, 58, 12, 0, 1),
(583, 58, 13, 0, 1),
(584, 58, 14, 0, 1),
(585, 58, 15, 0, 1),
(586, 58, 16, 0, 1),
(587, 58, 17, 0, 1),
(588, 58, 18, 0, 1),
(589, 58, 19, 0, 1),
(590, 58, 20, 0, 1),
(591, 58, 21, 0, 1),
(592, 58, 22, 0, 1),
(593, 58, 23, 0, 1),
(594, 58, 24, 0, 1),
(595, 58, 25, 0, 1),
(596, 58, 26, 0, 1),
(597, 58, 27, 0, 1),
(598, 58, 28, 0, 1),
(599, 58, 29, 0, 1),
(600, 58, 30, 0, 1),
(601, 58, 31, 0, 1),
(602, 58, 32, 0, 1),
(603, 58, 33, 0, 1),
(604, 58, 34, 0, 1),
(605, 58, 35, 0, 1),
(606, 58, 36, 0, 1),
(607, 58, 37, 0, 0),
(608, 58, 38, 0, 1),
(609, 58, 39, 0, 1),
(610, 58, 40, 0, 1),
(611, 58, 41, 0, 1),
(612, 58, 42, 0, 1),
(613, 58, 43, 0, 1),
(614, 58, 44, 0, 1),
(615, 58, 45, 0, 1),
(616, 58, 46, 0, 1),
(617, 58, 47, 0, 1),
(618, 58, 48, 0, 1),
(619, 58, 49, 0, 1);

-- --------------------------------------------------------

--
-- Estructura de tabla para la tabla `tbl_tiendas`
--

CREATE TABLE IF NOT EXISTS `tbl_tiendas` (
  `id` int(4) NOT NULL,
  `tienda` varchar(31) DEFAULT NULL,
  `pasillo` varchar(21) DEFAULT NULL,
  `multiplicador` tinyint(2) NOT NULL DEFAULT '1'
) ENGINE=InnoDB AUTO_INCREMENT=642 DEFAULT CHARSET=utf8;

--
-- Volcado de datos para la tabla `tbl_tiendas`
--

INSERT INTO `tbl_tiendas` (`id`, `tienda`, `pasillo`, `multiplicador`) VALUES
(1, 'Sol&eacute;', 'Dinosaurio', 1),
(2, 'Panama Hats', 'Dinosaurio', 1),
(3, 'Financiera Inverzon', 'Dinosaurio', 1),
(4, 'Cueros V&eacute;lez', 'Dinosaurio', 1),
(5, 'Shoes Action', 'Dinosaurio', 1),
(6, 'Nello Rossi', 'Dinosaurio', 1),
(7, 'Boltio', 'Dinosaurio', 1),
(8, 'MPH', 'Dinosaurio', 1),
(9, 'All Sport', 'Dinosaurio', 1),
(10, 'Fantastic Casino', 'Dinosaurio', 1),
(11, 'Cinemark', 'Dinosaurio', 1),
(12, 'Muebles Bosuqe', 'Dinosaurio', 1),
(13, 'Swaroski', 'Dinosaurio', 1),
(14, 'JOCKEY', 'Dinosaurio', 1),
(15, 'U.S Polo Association ', 'Dinosaurio', 1),
(16, 'Converse', 'Dinosaurio', 1),
(17, 'Regatta ', 'Dinosaurio', 1),
(18, 'American Today ', 'Dinosaurio', 1),
(19, 'Dorians', 'Dinosaurio', 1),
(20, 'Giorgio&rsquo;s', 'Dinosaurio', 1),
(21, 'El Trapiche', 'Dinosaurio', 1),
(22, 'Kouzina', 'Dinosaurio', 1),
(23, 'Leonardo&rsquo;s', 'Dinosaurio', 1),
(24, 'Melo Pet & Garden', 'Dinosaurio', 1),
(25, 'Farmacia Super 99', 'Dinosaurio', 1),
(26, 'Super 99', 'Dinosaurio', 1),
(27, 'Multivaciones Decameron', 'Dinosaurio', 1),
(28, 'AudioFoto', 'Dinosaurio', 1),
(29, 'Movistar', 'Dinosaurio', 1),
(30, 'Play N trade', 'Dinosaurio', 1),
(31, 'TimeVision', 'Cebra', 1),
(32, 'KR Shoes', 'Cebra', 1),
(33, 'Totto', 'Cebra', 1),
(34, 'Divecity', 'Cebra', 1),
(35, 'Doit Center', 'Cebra', 1),
(36, 'SEVEN SEVEN', 'Cebra', 1),
(37, 'Bonita', 'Cebra', 1),
(38, 'Fashion Ten', 'Cebra', 1),
(39, 'Danielle Collection', 'Cebra', 1),
(40, 'Estampa', 'Cebra', 1),
(41, 'Passarella', 'Cebra', 1),
(42, 'DDP Ejecutivo', 'Cebra', 1),
(43, 'Studio F', 'Cebra', 1),
(44, 'CAT', 'Cebra', 1),
(45, 'Guayaberas', 'Cebra', 1),
(46, 'Mummy', 'Cebra', 1),
(47, 'Hooters', 'Cebra', 1),
(48, 'Crepes & Wafles', 'Cebra', 1),
(49, 'Salvador Sala de Belleza', 'Cebra', 1),
(50, 'Multimax', 'Cebra', 1),
(51, 'Genius', 'Cebra', 1),
(52, 'Complot', 'Le&oacute;n', 1),
(53, 'HEM Store ', 'Le&oacute;n', 1),
(54, 'Fashion Direct', 'Le&oacute;n', 1),
(55, 'COOESAN', 'Le&oacute;n', 1),
(56, 'Renato', 'Le&oacute;n', 1),
(57, 'Sy & Co', 'Le&oacute;n', 1),
(58, 'Via Uno', 'Le&oacute;n', 1),
(59, 'Sports Plus', 'Le&oacute;n', 1),
(60, 'OutDoors', 'Le&oacute;n', 1),
(61, 'Caps Store', 'Le&oacute;n', 1),
(62, 'Planetaruim', 'Le&oacute;n', 1),
(63, 'Remel', 'Le&oacute;n', 1),
(64, 'Polo Club', 'Le&oacute;n', 1),
(65, 'Ms Boutique', 'Le&oacute;n', 1),
(66, 'Stiloss Boutique', 'Le&oacute;n', 1),
(67, 'Elegance', 'Le&oacute;n', 1),
(68, 'Samantha', 'Le&oacute;n', 1),
(69, 'Sugar Cane', 'Le&oacute;n', 1),
(70, 'Cubavera', 'Le&oacute;n', 1),
(71, 'Nenas', 'Le&oacute;n', 1),
(72, 'Wendy&rsquo;s Kids', 'Le&oacute;n', 1),
(73, 'Boys & Girls ', 'Le&oacute;n', 1),
(74, 'La Oca Loca', 'Le&oacute;n', 1),
(75, 'McDonald&rsquo;s', 'Le&oacute;n', 1),
(76, 'Maria Bonita', 'Le&oacute;n', 1),
(77, 'Paris', 'Le&oacute;n', 1),
(78, 'La Esmeralda', 'Le&oacute;n', 1),
(79, 'La Esmeralda', 'Le&oacute;n', 1),
(80, 'Christian Salon', 'Le&oacute;n', 1),
(81, 'Spa Manos', 'Le&oacute;n', 1),
(82, 'Chocolatisimo', 'Le&oacute;n', 1),
(83, 'Chocolatisimo', 'Le&oacute;n', 1),
(84, 'Zodiak&rsquo;s', 'Le&oacute;n', 1),
(85, 'Sonam&rsquo;s', 'Le&oacute;n', 1),
(86, 'Tecnicell', 'Le&oacute;n', 1),
(87, 'Smart Phone Service', 'Le&oacute;n', 1),
(88, 'Banistmo', 'Hipop&oacute;tamo', 1),
(89, 'Multibank', 'Hipop&oacute;tamo', 1),
(90, 'Crediships', 'Hipop&oacute;tamo', 1),
(91, 'Mr. Jones', 'Hipop&oacute;tamo', 1),
(92, 'Spring Step', 'Hipop&oacute;tamo', 1),
(93, 'Big Bag', 'Hipop&oacute;tamo', 1),
(94, 'Sport Line America', 'Hipop&oacute;tamo', 1),
(95, 'Adidas', 'Hipop&oacute;tamo', 1),
(96, 'Novey', 'Hipop&oacute;tamo', 1),
(97, 'Relojin', 'Hipop&oacute;tamo', 1),
(98, 'Hummer Store', 'Hipop&oacute;tamo', 1),
(99, 'Lee Cooper', 'Hipop&oacute;tamo', 1),
(100, 'Picara', 'Hipop&oacute;tamo', 1),
(101, 'Zara', 'Hipop&oacute;tamo', 1),
(102, 'La Lola', 'Hipop&oacute;tamo', 1),
(103, 'Gloss', 'Hipop&oacute;tamo', 1),
(104, 'Ben Betesh', 'Hipop&oacute;tamo', 1),
(105, 'Kids Republic', 'Hipop&oacute;tamo', 1),
(106, 'Poppy&rsquo;s', 'Hipop&oacute;tamo', 1),
(107, 'Boulevard Albrook', 'Hipop&oacute;tamo', 1),
(108, 'Le&ntilde;os y Carbon ', 'Hipop&oacute;tamo', 1),
(109, 'Le&ntilde;os y Carbon ', 'Hipop&oacute;tamo', 1),
(110, 'Gelarti', 'Hipop&oacute;tamo', 1),
(111, 'Health & Beauty', 'Hipop&oacute;tamo', 1),
(112, 'Diciotto Optica', 'Hipop&oacute;tamo', 1),
(113, 'So Nice Perfumes', 'Hipop&oacute;tamo', 1),
(114, 'The Make Up Factory', 'Hipop&oacute;tamo', 1),
(115, 'Avon Centro de Venta', 'Hipop&oacute;tamo', 1),
(116, 'MG Joyeros', 'Hipop&oacute;tamo', 1),
(117, 'CandyLand', 'Hipop&oacute;tamo', 1),
(118, 'El Hombre de la Mancha', 'Hipop&oacute;tamo', 1),
(119, 'Librer&iacute;a Vida Abundante', 'Hipop&oacute;tamo', 1),
(120, 'PanaFoto', 'Hipop&oacute;tamo', 1),
(121, 'Rock City', 'Hipop&oacute;tamo', 1),
(122, 'Complot', 'Rinoceronte', 1),
(123, 'Shinning Sophie', 'Rinoceronte', 1),
(124, 'RB Originals', 'Rinoceronte', 1),
(125, 'Coopeve', 'Rinoceronte', 1),
(126, 'BBB Boots & Shoes', 'Rinoceronte', 1),
(127, 'Bellini', 'Rinoceronte', 1),
(128, 'Payless Shoes', 'Rinoceronte', 1),
(129, 'Super Deportes', 'Rinoceronte', 1),
(130, 'Sport Factory', 'Rinoceronte', 1),
(131, 'Planetarium', 'Rinoceronte', 1),
(132, 'Creditos Mundiales', 'Rinoceronte', 1),
(133, 'Todo a D&oacute;lar', 'Rinoceronte', 1),
(134, 'Helios', 'Rinoceronte', 1),
(135, 'Joyeria Venecia', 'Rinoceronte', 1),
(136, 'Plenitud', 'Rinoceronte', 1),
(137, 'Momentos Metales Preciosos', 'Rinoceronte', 1),
(138, 'Calvin Klein Underwear', 'Rinoceronte', 1),
(139, 'Beverly Hills Polo Club', 'Rinoceronte', 1),
(140, 'Adams', 'Rinoceronte', 1),
(141, 'DDP', 'Rinoceronte', 1),
(142, 'Hilfiguer Denim', 'Rinoceronte', 1),
(143, 'Elemento', 'Rinoceronte', 1),
(144, 'Bonage', 'Rinoceronte', 1),
(145, 'The Shop', 'Rinoceronte', 1),
(146, 'Moose', 'Rinoceronte', 1),
(147, 'Campus University', 'Rinoceronte', 1),
(148, 'U.S Polo Assciation', 'Rinoceronte', 1),
(149, 'Mini Clover', 'Rinoceronte', 1),
(150, 'Ibiza', 'Rinoceronte', 1),
(151, 'Farmacias Arrochas', 'Rinoceronte', 1),
(152, 'Optica Sosa Y Arango', 'Rinoceronte', 1),
(153, 'Optica Lopez', 'Rinoceronte', 1),
(154, 'Fit Lab', 'Rinoceronte', 1),
(155, 'Only Nails', 'Rinoceronte', 1),
(156, 'Dental Solution', 'Rinoceronte', 1),
(157, 'RBK Salon & Spa', 'Rinoceronte', 1),
(158, 'Rostro Perfecto ', 'Rinoceronte', 1),
(159, 'Westerm Union', 'Rinoceronte', 1),
(160, 'Music Planet', 'Rinoceronte', 1),
(161, 'Cyber Studio', 'Rinoceronte', 1),
(162, 'Con Classe Sastreria', 'Rinoceronte', 1),
(163, 'Corp. Hotelera de Panama', 'Rinoceronte', 1),
(164, 'Movicel', 'Rinoceronte', 1),
(165, 'Hometek', 'Rinoceronte', 1),
(166, 'Visara', 'Elefante', 1),
(167, 'Recuerdos de Panama', 'Elefante', 1),
(168, 'Necty ', 'Elefante', 1),
(169, 'Crass', 'Elefante', 1),
(170, 'Sy & Co.', 'Elefante', 1),
(171, 'Sy & Co.', 'Elefante', 1),
(172, 'Puma', 'Elefante', 1),
(173, 'July Sport Center', 'Elefante', 1),
(174, 'Core Surf & Skate', 'Elefante', 1),
(175, 'Concepts Life', 'Elefante', 1),
(176, 'Top Time', 'Elefante', 1),
(177, 'Fedi Joyeria', 'Elefante', 1),
(178, 'Gustavo Salazar Joyeros', 'Elefante', 1),
(179, 'Up Date Shop', 'Elefante', 1),
(180, 'Across', 'Elefante', 1),
(181, 'Metro Hip', 'Elefante', 1),
(182, 'Very Sexy ', 'Elefante', 1),
(183, 'Impacto', 'Elefante', 1),
(184, 'Scape', 'Elefante', 1),
(185, 'D&rsquo;Mario', 'Elefante', 1),
(186, 'Dark Stage', 'Elefante', 1),
(187, 'Pipolos Shoes', 'Elefante', 1),
(188, 'St. Jacks', 'Elefante', 1),
(189, 'Steven&rsquo;s', 'Elefante', 1),
(190, 'Conway', 'Elefante', 1),
(191, 'Pollo Tropical', 'Elefante', 1),
(192, 'Manolo Churreria', 'Elefante', 1),
(193, 'Friday&rsquo;s', 'Elefante', 1),
(194, 'Optica Chevalier', 'Elefante', 1),
(195, 'Fragance', 'Elefante', 1),
(196, 'Tv Shooping', 'Elefante', 1),
(197, 'Primor Perfums', 'Elefante', 1),
(198, 'Krisana Salon', 'Elefante', 1),
(199, 'Mi Dentista', 'Elefante', 1),
(200, 'Electro House', 'Elefante', 1),
(201, 'Candyland', 'Elefante', 1),
(202, 'Esti Games', 'Elefante', 1),
(203, 'Premier Universe', 'Elefante', 1),
(204, 'Mstore', 'Elefante', 1),
(205, 'Xtreme Mobile', 'Elefante', 1),
(206, 'Picante', 'Tigre', 1),
(207, 'Burbujas', 'Tigre', 1),
(208, 'Unibank', 'Tigre', 1),
(209, 'Shoe Box', 'Tigre', 1),
(210, 'Cueros Velez', 'Tigre', 1),
(211, 'City Moda', 'Tigre', 1),
(212, 'Aurosport', 'Tigre', 1),
(213, 'Sportline World', 'Tigre', 1),
(214, 'Nike', 'Tigre', 1),
(215, 'Everlast', 'Tigre', 1),
(216, 'Station Planet', 'Tigre', 1),
(217, 'Fire Combat', 'Tigre', 1),
(218, 'Basilea Orfebres', 'Tigre', 1),
(219, 'Platinium Joyeros', 'Tigre', 1),
(220, 'Palladium', 'Tigre', 1),
(221, 'Relojin', 'Tigre', 1),
(222, 'Flexis', 'Tigre', 1),
(223, 'Moda India', 'Tigre', 1),
(224, 'Johnny Cotton', 'Tigre', 1),
(225, 'Brooklyn', 'Tigre', 1),
(226, 'Tommy Hilfiguer Kids', 'Tigre', 1),
(227, 'Anime World', 'Tigre', 1),
(228, 'El Costo', 'Tigre', 1),
(229, 'Titan', 'Tigre', 1),
(230, 'Gelarti', 'Tigre', 1),
(231, 'Cinnabon', 'Tigre', 1),
(232, 'Top Fitness', 'Tigre', 1),
(233, 'Quo Vadis Peluqueria', 'Tigre', 1),
(234, 'Ibiza', 'Tigre', 1),
(235, 'Hand&rsquo;s & Foot', 'Tigre', 1),
(236, 'Christian Salon', 'Tigre', 1),
(237, 'Tv Offer', 'Tigre', 1),
(238, 'Tabaco y Ron ', 'Tigre', 1),
(239, 'Seder&iacute;a Don Chicho', 'Tigre', 1),
(240, 'Mas me Dan', 'Tigre', 1),
(241, 'Galapago Express', 'Tigre', 1),
(242, 'El Contenedor', 'Tigre', 1),
(243, 'Lynn&rsquo;s Hallmark', 'Tigre', 1),
(244, 'Farma Plus', 'Tigre', 1),
(245, 'CLC Panama', 'Tigre', 1),
(246, 'Copy Red', 'Tigre', 1),
(247, 'Dragon Cell', 'Tigre', 1),
(248, 'Claro', 'Tigre', 1),
(249, 'Game Master', 'Tigre', 1),
(250, 'GIGA', 'Tigre', 1),
(251, 'Claro', 'Tigre', 1),
(252, 'Banco General', 'Kanguro', 1),
(253, 'Credicorp Bank', 'Kanguro', 1),
(254, 'Caja de Ahorros', 'Kanguro', 1),
(255, 'Alls Sport', 'Kanguro', 1),
(256, 'July Sport', 'Kanguro', 1),
(257, 'Albrook Bowling', 'Kanguro', 1),
(258, 'Lumicentro', 'Kanguro', 1),
(259, 'Muebles Jamar', 'Kanguro', 1),
(260, 'Orloff Joyeros', 'Kanguro', 1),
(261, 'Sussan Miller', 'Kanguro', 1),
(262, 'Levi&rsquo;s Store', 'Kanguro', 1),
(263, 'Kenneth Cole', 'Kanguro', 1),
(264, 'Lacoste', 'Kanguro', 1),
(265, 'Plenitud', 'Kanguro', 1),
(266, 'Canastilla Ideal', 'Kanguro', 1),
(267, 'Bath and Body Works', 'Kanguro', 1),
(268, 'Victoria Secret', 'Kanguro', 1),
(269, 'Photura', 'Kanguro', 1),
(270, 'Route 66', 'Panda', 1),
(271, 'Tactical Army', 'Panda', 1),
(272, 'Bac Panama', 'Panda', 1),
(273, 'Banesco', 'Panda', 1),
(274, 'Sketchers', 'Panda', 1),
(275, 'Columbia Sportwaer', 'Panda', 1),
(276, 'Sea&Sun', 'Panda', 1),
(277, 'Tommy Hilfiguer', 'Panda', 1),
(278, 'Nautica', 'Panda', 1),
(279, 'Polo Royal C. Berkshire', 'Panda', 1),
(280, 'Mundo Kids', 'Panda', 1),
(281, 'La Riviera', 'Panda', 1),
(282, 'Clinica Ortodoncia', 'Panda', 1),
(283, 'Biosalud Centro Medico Integral', 'Panda', 1),
(284, 'Mi Princesa', 'Panda', 1),
(285, 'AudioFoto', 'Panda', 1),
(286, 'The Box Cross Shop ', 'Gorila', 1),
(287, 'New Balance', 'Gorila', 1),
(288, 'Full Sport', 'Gorila', 1),
(289, '5D Extreme', 'Gorila', 1),
(290, 'Kids Playground', 'Gorila', 1),
(291, 'Platinum Joyeros', 'Gorila', 1),
(292, 'DDP Men', 'Gorila', 1),
(293, 'Eko Unltd', 'Gorila', 1),
(294, 'U.S Polo Association', 'Gorila', 1),
(295, 'Jonathan Z', 'Gorila', 1),
(296, 'Su Casa', 'Gorila', 1),
(297, 'Body Buildling', 'Gorila', 1),
(298, 'Perfumes Factory', 'Gorila', 1),
(299, 'Game Masters', 'Gorila', 1),
(300, 'Samsung', 'Gorila', 1),
(301, 'Global Mobile', 'Gorila', 1),
(302, 'Jabra', 'Gorila', 1),
(303, 'Claires', 'Pinguino', 1),
(304, 'Chehabi', 'Pinguino', 1),
(305, 'Parfois', 'Pinguino', 1),
(306, 'Mario Hernandez', 'Pinguino', 1),
(307, 'Souvenirs Shops', 'Pinguino', 1),
(308, 'Banistmo', 'Pinguino', 1),
(309, 'Mr. Jones', 'Pinguino', 1),
(310, 'Cases', 'Pinguino', 1),
(311, 'Renato', 'Pinguino', 1),
(312, 'Sophistic', 'Pinguino', 1),
(313, 'Totto', 'Pinguino', 1),
(314, 'RS21', 'Pinguino', 1),
(315, 'Whoop&rsquo;s!', 'Pinguino', 1),
(316, 'Elemento', 'Pinguino', 1),
(317, 'Colchones Ramguiflex', 'Pinguino', 1),
(318, 'Cotton Breeze', 'Pinguino', 1),
(319, 'Casiolandia', 'Pinguino', 1),
(320, 'Kilates', 'Pinguino', 1),
(321, 'Converse', 'Pinguino', 1),
(322, 'Ela', 'Pinguino', 1),
(323, 'Urbanfly', 'Pinguino', 1),
(324, 'Tatali Beach', 'Pinguino', 1),
(325, 'Moose', 'Pinguino', 1),
(326, 'La Senza', 'Pinguino', 1),
(327, 'Taxi', 'Pinguino', 1),
(328, 'Calvin Kleins Jeans', 'Pinguino', 1),
(329, 'Mia Store', 'Pinguino', 1),
(330, 'Enacaje Ju', 'Pinguino', 1),
(331, 'Color Clouds', 'Pinguino', 1),
(332, 'Vergara', 'Pinguino', 1),
(333, 'Monicas Boutique', 'Pinguino', 1),
(334, 'Madison Store', 'Pinguino', 1),
(335, 'Collins', 'Pinguino', 1),
(336, 'Tomato', 'Pinguino', 1),
(337, 'MultiOpticas', 'Pinguino', 1),
(338, 'Premier', 'Pinguino', 1),
(339, 'GNC', 'Pinguino', 1),
(340, 'BBS Beauty Supply', 'Pinguino', 1),
(341, 'Charlie&rsquo;s Place', 'Pinguino', 1),
(342, 'Centro Odontologico Y Belleza', 'Pinguino', 1),
(343, 'Tortuga Bay', 'Pinguino', 1),
(344, 'Le Perfum', 'Pinguino', 1),
(345, 'Tecnicell', 'Pinguino', 1),
(346, 'Circuit City', 'Pinguino', 1),
(347, 'GIGA', 'Pinguino', 1),
(348, 'Multimax', 'Pinguino', 1),
(349, 'Play N Trade', 'Pinguino', 1),
(350, 'Digicel', 'Pinguino', 1),
(351, 'E-Vision', 'Pinguino', 1),
(352, 'MAC Store', 'Pinguino', 1),
(353, 'Hi Sky', 'Pinguino', 1),
(354, 'Ego Collection', 'Delf&iacute;n', 1),
(355, 'Complot', 'Delf&iacute;n', 1),
(356, 'Depi Xpress', 'Delf&iacute;n', 1),
(357, 'Helios', 'Delf&iacute;n', 1),
(358, 'Punto de Oro', 'Delf&iacute;n', 1),
(359, 'Hush Puppy', 'Delf&iacute;n', 1),
(360, 'Boltio', 'Delf&iacute;n', 1),
(361, 'Zona Industrial', 'Delf&iacute;n', 1),
(362, 'Totto Tu', 'Delf&iacute;n', 1),
(363, 'Cases', 'Delf&iacute;n', 1),
(364, 'Wnners', 'Delf&iacute;n', 1),
(365, 'Crocs', 'Delf&iacute;n', 1),
(366, 'El Deportista y La Nota', 'Delf&iacute;n', 1),
(367, 'Nike', 'Delf&iacute;n', 1),
(368, 'Sik Rides', 'Delf&iacute;n', 1),
(369, 'New Balance', 'Delf&iacute;n', 1),
(370, 'Running Balboa', 'Delf&iacute;n', 1),
(371, 'Creditos Mundiales', 'Delf&iacute;n', 1),
(372, 'Techno Marine', 'Delf&iacute;n', 1),
(373, 'Oro Italia', 'Delf&iacute;n', 1),
(374, 'Eurochronos', 'Delf&iacute;n', 1),
(375, 'Pandora', 'Delf&iacute;n', 1),
(376, 'Tiempo', 'Delf&iacute;n', 1),
(377, 'Mundo Casio', 'Delf&iacute;n', 1),
(378, 'Thomas Sabo', 'Delf&iacute;n', 1),
(379, 'DG Joyero', 'Delf&iacute;n', 1),
(380, 'Swatch', 'Delf&iacute;n', 1),
(381, 'World Time', 'Delf&iacute;n', 1),
(382, 'Citzen', 'Delf&iacute;n', 1),
(383, 'Guayaberas a la Medida', 'Delf&iacute;n', 1),
(384, 'Levi&rsquo;s', 'Delf&iacute;n', 1),
(385, 'Gloss', 'Delf&iacute;n', 1),
(386, 'JOCKEY', 'Delf&iacute;n', 1),
(387, 'Camicissma', 'Delf&iacute;n', 1),
(388, 'Sugar Cane', 'Delf&iacute;n', 1),
(389, 'Desigual', 'Delf&iacute;n', 1),
(390, 'Arena y mar', 'Delf&iacute;n', 1),
(391, 'Frenzy Style', 'Delf&iacute;n', 1),
(392, 'Guess', 'Delf&iacute;n', 1),
(393, 'Quicksilver', 'Delf&iacute;n', 1),
(394, 'Piruetas', 'Delf&iacute;n', 1),
(395, 'Felix Juguetes', 'Delf&iacute;n', 1),
(396, 'Kids The Shoe Store', 'Delf&iacute;n', 1),
(397, 'Nickelodeon', 'Delf&iacute;n', 1),
(398, 'Froots', 'Delf&iacute;n', 1),
(399, 'Paris', 'Delf&iacute;n', 1),
(400, 'Tv Shooping', 'Delf&iacute;n', 1),
(401, 'Fraiche', 'Delf&iacute;n', 1),
(402, 'Opti Express', 'Delf&iacute;n', 1),
(403, 'L&rsquo;Occitane', 'Delf&iacute;n', 1),
(404, 'Farmacia Arrocha', 'Delf&iacute;n', 1),
(405, 'CandyLand', 'Delf&iacute;n', 1),
(406, 'Pop Party', 'Delf&iacute;n', 1),
(407, 'Happy Color', 'Delf&iacute;n', 1),
(408, 'APC', 'Delf&iacute;n', 1),
(409, 'Esti Games', 'Delf&iacute;n', 1),
(410, 'Games Spot', 'Delf&iacute;n', 1),
(411, 'Multimax', 'Delf&iacute;n', 1),
(412, 'Movicell', 'Delf&iacute;n', 1),
(413, 'Cable & Wireless + Movil', 'Delf&iacute;n', 1),
(414, 'Curious', 'Delf&iacute;n', 1),
(415, 'Details-dts', 'Koala', 3),
(416, 'Sun Couture', 'Koala', 3),
(417, 'Alex and Ani', 'Koala', 3),
(418, 'Bellagio', 'Koala', 3),
(419, 'Clarks', 'Koala', 3),
(420, 'Palladium', 'Koala', 3),
(421, 'Crocs', 'Koala', 3),
(422, 'Vince Camuto', 'Koala', 3),
(423, 'Naturalizer', 'Koala', 3),
(424, 'Flow', 'Koala', 3),
(425, 'Reef', 'Koala', 3),
(426, 'Speedo', 'Koala', 3),
(427, 'La Hora', 'Koala', 3),
(428, 'Fossil', 'Koala', 3),
(429, 'Armani Express', 'Koala', 3),
(430, 'Bebe', 'Koala', 3),
(431, 'Keneth Cole', 'Koala', 3),
(432, 'Adidas', 'Koala', 3),
(433, 'Vivian Design Boutique', 'Koala', 3),
(434, 'Oscar de la Renta', 'Koala', 3),
(435, 'Hilfiguer Denim', 'Koala', 3),
(436, 'Converse', 'Koala', 3),
(437, 'Studio F', 'Koala', 3),
(438, 'Perry Ellis', 'Koala', 3),
(439, 'Lacoste', 'Koala', 3),
(440, 'Estampa', 'Koala', 3),
(441, 'Carolina Gomez', 'Koala', 3),
(442, 'EPK', 'Koala', 3),
(443, 'Mothercare', 'Koala', 3),
(444, 'Felix B. Maduro', 'Koala', 3),
(445, 'Caf&eacute; Met', 'Koala', 3),
(446, 'Juan Valdez Caf&eacute;', 'Koala', 3),
(447, 'Hasaki Sushi Lounge', 'Koala', 3),
(448, 'Adore', 'Koala', 3),
(449, 'M.A.C.', 'Koala', 3),
(450, 'Bayside Brush', 'Koala', 3),
(451, 'Preciosa', 'Koala', 3),
(452, 'Hotel Wyndham', 'Koala', 3),
(453, 'El Hombre de La Mancha', 'Koala', 3),
(454, 'Mac Store', 'Koala', 3),
(455, 'Blackstore', 'Koala', 3),
(456, 'Piquadro', 'Orca', 3),
(457, 'Harley Davidson', 'Orca', 3),
(458, 'Los nanas', 'Food Court', 1),
(459, 'Carbon Guacho', 'Food Court', 1),
(460, 'Chicken Factory', 'Food Court', 1),
(461, 'Chiuahua', 'Food Court', 1),
(462, 'Cinnabon', 'Food Court', 1),
(463, 'Creeps & Wafles', 'Food Court', 1),
(464, 'Full Pizza', 'Food Court', 1),
(465, 'Helados La Italiana', 'Food Court', 1),
(466, 'Ke Chido', 'Food Court', 1),
(467, 'McDonald&rsquo;s', 'Food Court', 1),
(468, 'Parrillada Estancia', 'Food Court', 1),
(469, 'Subway', 'Food Court', 1),
(470, 'Sandwich Qbano', 'Food Court', 1),
(471, 'Tango Grill', 'Food Court', 1),
(472, 'Asados Gaby Dana', 'Food Court Carrusel', 1),
(473, 'Burguer King', 'Food Court Carrusel', 1),
(474, 'Carb&oacute;n de Palo', 'Food Court Carrusel', 1),
(475, 'Carl&rsquo;s Jr.', 'Food Court Carrusel', 1),
(476, 'Chicken Factory', 'Food Court Carrusel', 1),
(477, 'China Wok', 'Food Court Carrusel', 1),
(478, 'Churromania', 'Food Court Carrusel', 1),
(479, 'Dominos Pizza', 'Food Court Carrusel', 1),
(480, 'Dunkin&rsquo;Donuts', 'Food Court Carrusel', 1),
(481, 'Dragon Chino', 'Food Court Carrusel', 1),
(482, 'Don Triton', 'Food Court Carrusel', 1),
(483, 'El Asador', 'Food Court Carrusel', 1),
(484, 'Felicidad Express', 'Food Court Carrusel', 1),
(485, 'Full Pizza', 'Food Court Carrusel', 1),
(486, 'Frutti Jugo', 'Food Court Carrusel', 1),
(487, 'Gelarti', 'Food Court Carrusel', 1),
(488, 'Helados La Italiana', 'Food Court Carrusel', 1),
(489, 'ICEE', 'Food Court Carrusel', 1),
(490, 'KFC', 'Food Court Carrusel', 1),
(491, 'Las Brasas', 'Food Court Carrusel', 1),
(492, 'La Caba&ntilde;a', 'Food Court Carrusel', 1),
(493, 'La Casa del Helado', 'Food Court Carrusel', 1),
(494, 'Le&ntilde;os y Carb&oacute;n', 'Food Court Carrusel', 1),
(495, 'McDonald&rsquo;s', 'Food Court Carrusel', 1),
(496, 'Mr.Pretzels', 'Food Court Carrusel', 1),
(497, 'Parrillada La Estancia', 'Food Court Carrusel', 1),
(498, 'Pio Pio', 'Food Court Carrusel', 1),
(499, 'Pizza Cero', 'Food Court Carrusel', 1),
(500, 'Pizza Hut', 'Food Court Carrusel', 1),
(501, 'Popeyes', 'Food Court Carrusel', 1),
(502, 'Rico Burrito', 'Food Court Carrusel', 1),
(503, 'Asados Gaby Dana', 'Food Court Magic Zone', 1),
(504, 'Burguer King', 'Food Court Magic Zone', 1),
(505, 'Cake Factory', 'Food Court Magic Zone', 1),
(506, 'Charley&rsquo;s Grilled Subs', 'Food Court Magic Zone', 1),
(507, 'Chicken Factory', 'Food Court Magic Zone', 1),
(508, 'Cinnabon', 'Food Court Magic Zone', 1),
(509, 'Dairy Queen', 'Food Court Magic Zone', 1),
(510, 'Dominos Pizza', 'Food Court Magic Zone', 1),
(511, 'Don Pan', 'Food Court Magic Zone', 1),
(512, 'Duran Coffe Store', 'Food Court Magic Zone', 1),
(513, 'Expresso Americano', 'Food Court Magic Zone', 1),
(514, 'Fitness Food', 'Food Court Magic Zone', 1),
(515, 'Full Pizza', 'Food Court Magic Zone', 1),
(516, 'Gelarti', 'Food Court Magic Zone', 1),
(517, 'Johnny Rockets', 'Food Court Magic Zone', 1),
(518, 'KFC', 'Food Court Magic Zone', 1),
(519, 'Le&ntilde;os y Carb&oacute;n', 'Food Court Magic Zone', 1),
(520, 'Lomitos Beto', 'Food Court Magic Zone', 1),
(521, 'Meditterrane Crunchies', 'Food Court Magic Zone', 1),
(522, 'McDonald&rsquo;s', 'Food Court Magic Zone', 1),
(523, 'Ni Hao', 'Food Court Magic Zone', 1),
(524, 'Parrillada La Estancia', 'Food Court Magic Zone', 1),
(525, 'Rico Burrito', 'Food Court Magic Zone', 1),
(526, 'Smoothies', 'Food Court Magic Zone', 1),
(527, 'Subway', 'Food Court Magic Zone', 1),
(528, 'Taco Bell', 'Food Court Magic Zone', 1),
(529, 'Tamburelli', 'Food Court Magic Zone', 1),
(530, 'Which Which', 'Food Court Magic Zone', 1),
(531, 'Wing Zone', 'Food Court Magic Zone', 1),
(532, 'Yogen Fruz', 'Food Court Magic Zone', 1),
(533, 'Grecha', 'Kioskos', 1),
(534, 'NYS', 'Kioskos', 1),
(535, 'Jade&rsquo;s Jewerly', 'Kioskos', 1),
(536, 'Quality Leather', 'Kioskos', 1),
(537, 'Caesar Pearl', 'Kioskos', 1),
(538, 'Silver Collection ', 'Kioskos', 1),
(539, 'Kaspet ', 'Kioskos', 1),
(540, 'Gift # Stop', 'Kioskos', 1),
(541, 'Cueroz Velaez', 'Kioskos', 1),
(542, 'Maros Holy Land', 'Kioskos', 1),
(543, 'Jungle Lamps', 'Kioskos', 1),
(544, 'Mystic Planet', 'Kioskos', 1),
(545, 'Art Kitchen', 'Kioskos', 1),
(546, 'Dark Stage', 'Kioskos', 1),
(547, 'Maros Tierra Santa', 'Kioskos', 1),
(548, 'Kakkoii Tech & Gift', 'Kioskos', 1),
(549, 'Cute Paws', 'Kioskos', 1),
(550, 'Oliver Weber', 'Kioskos', 1),
(551, 'Quality Leather', 'Kioskos', 1),
(552, 'Little Princess', 'Kioskos', 1),
(553, 'McDonald&rsquo;s', 'Kioskos', 1),
(554, 'Candies Place', 'Kioskos', 1),
(555, 'Candy&rsquo;s Island', 'Kioskos', 1),
(556, 'Brigadeiro', 'Kioskos', 1),
(557, 'Candy&rsquo;s World', 'Kioskos', 1),
(558, 'Fiestas Candies', 'Kioskos', 1),
(559, 'Planet Soccer', 'Kioskos', 1),
(560, 'Watch Me', 'Kioskos', 1),
(561, 'Golden Moda', 'Kioskos', 1),
(562, 'Zik Zok', 'Kioskos', 1),
(563, 'Shia Joyas & Gemas', 'Kioskos', 1),
(564, 'Spazio Argento', 'Kioskos', 1),
(565, 'Filgrana Paname&ntilde;a', 'Kioskos', 1),
(566, 'TWO sen 2 senses', 'Kioskos', 1),
(567, 'Confetti Crush', 'Kioskos', 1),
(568, 'Mica Beauty', 'Kioskos', 1),
(569, 'Perfume Factory', 'Kioskos', 1),
(570, 'Evalectric', 'Kioskos', 1),
(571, 'GNC', 'Kioskos', 1),
(572, 'La Tienda Gio', 'Kioskos', 1),
(573, 'Foodie Hair', 'Kioskos', 1),
(574, 'Vine Vera', 'Kioskos', 1),
(575, 'Golden Rose', 'Kioskos', 1),
(576, 'Incoco', 'Kioskos', 1),
(577, 'Maria Bonita', 'Kioskos', 1),
(578, 'Bamboo Hotel Comfort', 'Kioskos', 1),
(579, 'Ko-I-Noor', 'Kioskos', 1),
(580, 'Premier', 'Kioskos', 1),
(581, 'Corioliss', 'Kioskos', 1),
(582, 'Premier', 'Kioskos', 1),
(583, 'Artesanias & Souvenirs', 'Kioskos', 1),
(584, 'Panamall', 'Kioskos', 1),
(585, 'Curiosidades Latinas', 'Kioskos', 1),
(586, 'Bichos', 'Kioskos', 1),
(587, 'Artesanias y Recuerdos', 'Kioskos', 1),
(588, 'Souvenirs Paraiso Paname&ntilde', 'Kioskos', 1),
(589, 'Servicios & Otros', 'Kioskos', 1),
(590, 'Red Plus', 'Kioskos', 1),
(591, 'Sky', 'Kioskos', 1),
(592, 'Magnolia', 'Kioskos', 1),
(593, 'detalle INUSUAL', 'Kioskos', 1),
(594, 'gp', 'Kioskos', 1),
(595, 'BTTERRIES', 'Kioskos', 1),
(596, 'sKY', 'Kioskos', 1),
(597, 'Stops Sings', 'Kioskos', 1),
(598, 'Sea Pearl Ferry', 'Kioskos', 1),
(599, 'Foto Porcelana Vip', 'Kioskos', 1),
(600, 'Sky Agent', 'Kioskos', 1),
(601, 'San Blas Experience', 'Kioskos', 1),
(602, 'Massage Express', 'Kioskos', 1),
(603, 'Pon Tu Marca', 'Kioskos', 1),
(604, 'Stop Signs', 'Kioskos', 1),
(605, 'Sillas de Masajes', 'Kioskos', 1),
(606, 'MAgnolia', 'Kioskos', 1),
(607, 'Mr. Blunt', 'Kioskos', 1),
(608, 'U&ntilde;as y dise&ntilde;os Ex', 'Kioskos', 1),
(609, 'Sea Pearl Ferry', 'Kioskos', 1),
(610, 'Depi Express', 'Kioskos', 1),
(611, 'Sillas de Masajes', 'Kioskos', 1),
(612, 'Italtransfer', 'Kioskos', 1),
(613, 'Panama Games', 'Kioskos', 1),
(614, 'Claro', 'Kioskos', 1),
(615, 'Cable & Wireless-Sonicel', 'Kioskos', 1),
(616, 'Advance Cell Shop', 'Kioskos', 1),
(617, 'Todo Celular', 'Kioskos', 1),
(618, 'Dr. Computer', 'Kioskos', 1),
(619, 'Comando', 'Kioskos', 1),
(620, 'Genius', 'Kioskos', 1),
(621, 'Cable & Wireless-Sonicel', 'Kioskos', 1),
(622, 'Claro', 'Kioskos', 1),
(623, 'Claro', 'Kioskos', 1),
(624, 'Movistar', 'Kioskos', 1),
(625, 'Digicel', 'Kioskos', 1),
(626, 'Sonicel', 'Kioskos', 1),
(627, 'LG Electronics', 'Kioskos', 1),
(628, 'Digicel', 'Kioskos', 1),
(629, 'Todo Celular', 'Kioskos', 1),
(630, 'El K.G.B', 'Kioskos', 1),
(631, 'Movistar', 'Kioskos', 1),
(632, 'PTY Cell Shop', 'Kioskos', 1),
(633, 'Dr. SmartPhone', 'Kioskos', 1),
(634, 'Todo Celular', 'Kioskos', 1),
(635, 'Dr. Computer', 'Kioskos', 1),
(636, 'Domino Cell', 'Kioskos', 1),
(637, 'Mobile Pro', 'Kioskos', 1),
(638, 'Claro', 'Kioskos', 1),
(639, 'Panama Games', 'Kioskos', 1),
(640, 'Cicuit City', 'Kioskos', 1),
(641, 'Control Games', 'Kioskos', 1);

-- --------------------------------------------------------

--
-- Estructura de tabla para la tabla `tbl_users`
--

CREATE TABLE IF NOT EXISTS `tbl_users` (
  `user_id` int(11) NOT NULL,
  `user_name` varchar(255) NOT NULL,
  `user_email` varchar(60) NOT NULL,
  `user_pass` varchar(255) NOT NULL
) ENGINE=MyISAM AUTO_INCREMENT=16 DEFAULT CHARSET=latin1;

--
-- Volcado de datos para la tabla `tbl_users`
--

INSERT INTO `tbl_users` (`user_id`, `user_name`, `user_email`, `user_pass`) VALUES
(1, 'admin', 'alfredogaraban@gmail.com', 'e10adc3949ba59abbe56e057f20f883e'),
(11, 'agaraban', 'alfredo.garaban@gmail.com', 'e10adc3949ba59abbe56e057f20f883e'),
(14, 'demo2', 'demo@gmail.com', 'e10adc3949ba59abbe56e057f20f883e'),
(15, 'endert8', 'endert1181@hotmail.com', '63ee35f7924cf0481292cf4a2d68f725'),
(12, 'pmorales', 'megapablo@gmail.com', 'e10adc3949ba59abbe56e057f20f883e');

--
-- Índices para tablas volcadas
--

--
-- Indices de la tabla `tbl_categoria`
--
ALTER TABLE `tbl_categoria`
  ADD PRIMARY KEY (`id`);

--
-- Indices de la tabla `tbl_ficha`
--
ALTER TABLE `tbl_ficha`
  ADD PRIMARY KEY (`id`);

--
-- Indices de la tabla `tbl_ficha_observacion`
--
ALTER TABLE `tbl_ficha_observacion`
  ADD PRIMARY KEY (`id`);

--
-- Indices de la tabla `tbl_fotos`
--
ALTER TABLE `tbl_fotos`
  ADD PRIMARY KEY (`id`);

--
-- Indices de la tabla `tbl_items`
--
ALTER TABLE `tbl_items`
  ADD PRIMARY KEY (`id`);

--
-- Indices de la tabla `tbl_resultado`
--
ALTER TABLE `tbl_resultado`
  ADD PRIMARY KEY (`id`);

--
-- Indices de la tabla `tbl_tiendas`
--
ALTER TABLE `tbl_tiendas`
  ADD PRIMARY KEY (`id`);

--
-- Indices de la tabla `tbl_users`
--
ALTER TABLE `tbl_users`
  ADD PRIMARY KEY (`user_id`), ADD UNIQUE KEY `user_name` (`user_name`), ADD UNIQUE KEY `user_email` (`user_email`);

--
-- AUTO_INCREMENT de las tablas volcadas
--

--
-- AUTO_INCREMENT de la tabla `tbl_categoria`
--
ALTER TABLE `tbl_categoria`
  MODIFY `id` int(11) NOT NULL AUTO_INCREMENT,AUTO_INCREMENT=11;
--
-- AUTO_INCREMENT de la tabla `tbl_ficha`
--
ALTER TABLE `tbl_ficha`
  MODIFY `id` int(11) NOT NULL AUTO_INCREMENT,AUTO_INCREMENT=59;
--
-- AUTO_INCREMENT de la tabla `tbl_ficha_observacion`
--
ALTER TABLE `tbl_ficha_observacion`
  MODIFY `id` int(11) NOT NULL AUTO_INCREMENT,AUTO_INCREMENT=51;
--
-- AUTO_INCREMENT de la tabla `tbl_fotos`
--
ALTER TABLE `tbl_fotos`
  MODIFY `id` int(11) NOT NULL AUTO_INCREMENT,AUTO_INCREMENT=19;
--
-- AUTO_INCREMENT de la tabla `tbl_items`
--
ALTER TABLE `tbl_items`
  MODIFY `id` int(11) NOT NULL AUTO_INCREMENT,AUTO_INCREMENT=50;
--
-- AUTO_INCREMENT de la tabla `tbl_resultado`
--
ALTER TABLE `tbl_resultado`
  MODIFY `id` int(11) NOT NULL AUTO_INCREMENT,AUTO_INCREMENT=620;
--
-- AUTO_INCREMENT de la tabla `tbl_tiendas`
--
ALTER TABLE `tbl_tiendas`
  MODIFY `id` int(4) NOT NULL AUTO_INCREMENT,AUTO_INCREMENT=642;
--
-- AUTO_INCREMENT de la tabla `tbl_users`
--
ALTER TABLE `tbl_users`
  MODIFY `user_id` int(11) NOT NULL AUTO_INCREMENT,AUTO_INCREMENT=16;
/*!40101 SET CHARACTER_SET_CLIENT=@OLD_CHARACTER_SET_CLIENT */;
/*!40101 SET CHARACTER_SET_RESULTS=@OLD_CHARACTER_SET_RESULTS */;
/*!40101 SET COLLATION_CONNECTION=@OLD_COLLATION_CONNECTION */;
